{
  "global_step": 100,
  "total_loss": 1036.2469268817404,
  "tokens_processed": 20096,
  "start_time": 1763959638.4659517,
  "timestamp": 1763960594.8403332,
  "avg_loss": 10.362469268817403
}