{
  "global_step": 100,
  "total_loss": 1035.5955977590913,
  "tokens_processed": 20096,
  "start_time": 1763936283.221934,
  "timestamp": 1763936850.3155959,
  "avg_loss": 10.355955977590913
}